vol_annualized,kurtosis,mean_tau,p95_tau,avg_r,mechanism,delta,L,seed
0.000325528256764393,3.5858138172008935,0.0,0.0,0.9999833333333333,off,1,10.0,1
0.00032482387103456584,2.7838707741175783,0.0,0.0,0.9999833333333333,off,1,10.0,2
0.0003275389649736807,3.996698435289203,0.0,0.0,0.9999833333333333,off,1,10.0,3
0.000327175275650661,4.299033750583178,0.0,0.0,0.9999833333333333,off,1,10.0,4
0.00032810864800266154,4.664210823431112,0.0,0.0,0.9999833333333333,off,1,10.0,5
0.00033050505453435396,4.417985727635244,0.0,0.0,0.9999833333333333,off,1,10.0,6
0.0003250655898150005,3.163275108599432,0.0,0.0,0.9999833333333333,off,1,10.0,7
0.0003278701611018966,3.8207149423182853,0.0,0.0,0.9999833333333333,off,1,10.0,8
0.0003273110814365897,4.3361176006544255,0.0,0.0,0.9999833333333333,off,1,10.0,9
0.00032651727565262927,3.3528928122110644,0.0,0.0,0.9999833333333333,off,1,10.0,10
0.0003277830153887693,5.033829498038976,0.0,0.0,0.9999833333333333,off,1,10.0,11
0.0003294835593593007,4.048502373281805,0.0,0.0,0.9999833333333333,off,1,10.0,12
0.00032789679865248274,4.007769908401568,0.0,0.0,0.9999833333333333,off,1,10.0,13
0.0003263131596863783,4.25051393761004,0.0,0.0,0.9999833333333333,off,1,10.0,14
0.0003283841951333611,3.1970583296038715,0.0,0.0,0.9999833333333333,off,1,10.0,15
0.0003280603443196193,3.2294855228492354,0.0,0.0,0.9999833333333333,off,1,10.0,16
0.0003306763045610472,4.088450827013428,0.0,0.0,0.9999833333333333,off,1,10.0,17
0.00032478147854995244,3.0002285492260565,0.0,0.0,0.9999833333333333,off,1,10.0,18
0.0003272058433962752,3.5115134142493973,0.0,0.0,0.9999833333333333,off,1,10.0,19
0.00032895626426126016,4.524907338504996,0.0,0.0,0.9999833333333333,off,1,10.0,20
0.00033185968087980577,3.6696611480172354,0.0,0.0,0.9999833333333333,off,1,10.0,21
0.0003301766760277852,4.219376948759002,0.0,0.0,0.9999833333333333,off,1,10.0,22
0.00032631293753774957,3.6189770280464373,0.0,0.0,0.9999833333333333,off,1,10.0,23
0.00032873335969704987,3.355351942376367,0.0,0.0,0.9999833333333333,off,1,10.0,24
0.00032735267745922836,3.7171434539483954,0.0,0.0,0.9999833333333333,off,1,10.0,25
0.0003283205182268021,4.239769729627744,0.0,0.0,0.9999833333333333,off,1,10.0,26
0.00033226611845524665,6.711729762744266,0.0,0.0,0.9999833333333333,off,1,10.0,27
0.0003268604899530938,3.3453365391602787,0.0,0.0,0.9999833333333333,off,1,10.0,28
0.00032859714501187997,3.307631158513127,0.0,0.0,0.9999833333333333,off,1,10.0,29
0.0003282717591773422,4.233625188684514,0.0,0.0,0.9999833333333333,off,1,10.0,30
0.0007287373948599495,3.585435157964266,0.0,0.0,1.0006986374698488,off,5,10.0,1
0.0007264929554463204,2.783716351136996,0.0,0.0,1.0003525882515334,off,5,10.0,2
0.0007314825272740078,3.9998949216297417,0.0,0.0,0.9967224960007831,off,5,10.0,3
0.0007314091413647136,4.298946898798896,0.0,0.0,1.003120289282935,off,5,10.0,4
0.000733093207539784,4.665073486543773,0.0,0.0,1.001658312625676,off,5,10.0,5
0.0007389660510009036,4.416348818481484,0.0,0.0,1.0019521503507556,off,5,10.0,6
0.0007272526728892977,3.164375150946263,0.0,0.0,1.0022784118800585,off,5,10.0,7
0.0007328032494665248,3.820031277400197,0.0,0.0,1.0004039225114019,off,5,10.0,8
0.0007319866573118151,4.335263335747303,0.0,0.0,0.995622126773261,off,5,10.0,9
0.0007301044279929514,3.3544899664964936,0.0,0.0,1.000158927148464,off,5,10.0,10
0.0007326429964246525,5.034892449695118,0.0,0.0,1.0016491957499527,off,5,10.0,11
0.0007367314384722913,4.0490606424916065,0.0,0.0,1.0000527455543713,off,5,10.0,12
0.000733267726989155,4.006309979687346,0.0,0.0,1.0006953738655506,off,5,10.0,13
0.0007305533626446112,4.256751783569597,0.0,0.0,1.0007660427535396,off,5,10.0,14
0.0007341768956623589,3.196963592173267,0.0,0.0,0.9975090141969134,off,5,10.0,15
0.0007331287991264994,3.2288994876037957,0.0,0.0,1.0026606612332352,off,5,10.0,16
0.0007410852739808913,4.088447665898049,0.0,0.0,1.0008640481033,off,5,10.0,17
0.0007270144200545894,2.9971676861008296,0.0,0.0,1.0016732004789497,off,5,10.0,18
0.0007320673366359627,3.511290167731463,0.0,0.0,0.9998299249600693,off,5,10.0,19
0.0007352896985798572,4.5243809776339665,0.0,0.0,1.0021911651334345,off,5,10.0,20
0.0007422042052856458,3.66910364218597,0.0,0.0,1.001731030966793,off,5,10.0,21
0.0007379389942781301,4.218819558326305,0.0,0.0,0.9986354930088979,off,5,10.0,22
0.0007289028249898587,3.6201901669516294,0.0,0.0,1.004245027410098,off,5,10.0,23
0.0007347618038326873,3.3557628809249707,0.0,0.0,1.0016596297053162,off,5,10.0,24
0.000732013910978549,3.7174436231760417,0.0,0.0,1.0007464700120463,off,5,10.0,25
0.0007334748982785648,4.237782807739596,0.0,0.0,1.0008479625049544,off,5,10.0,26
0.0007419922151939986,6.718962640334716,0.0,0.0,0.9982264908582642,off,5,10.0,27
0.0007314515170229111,3.346517035558799,0.0,0.0,0.9995482596905182,off,5,10.0,28
0.0007351359799479916,3.3076594714848335,0.0,0.0,0.9966301818454227,off,5,10.0,29
0.0007338237941995491,4.234390801177359,0.0,0.0,1.002458587765541,off,5,10.0,30
0.0012657770838945827,3.584680737974372,0.0,0.0,1.0015335787504962,off,15,10.0,1
0.0012590319133595654,2.783352866232427,0.0,0.0,0.9993198452564269,off,15,10.0,2
0.001263094322415052,4.0077663715737515,0.0,0.0,0.9968838761599199,off,15,10.0,3
0.0012660891754309918,4.298744711457511,0.0,0.0,1.0039070951474414,off,15,10.0,4
0.0012672955595165291,4.6672800520437585,0.0,0.0,1.0009244733510605,off,15,10.0,5
0.001279645084691736,4.412310566434307,0.0,0.0,1.00253193205242,off,15,10.0,6
0.001261260633407704,3.1670549662221594,0.0,0.0,1.0025805675789705,off,15,10.0,7
0.0012678291637323318,3.8183433477563957,0.0,0.0,1.0004235386721632,off,15,10.0,8
0.0012682410365362684,4.3332363777935266,0.0,0.0,0.9970579550195955,off,15,10.0,9
0.0012645462545088871,3.3584933497117984,0.0,0.0,1.000298657379993,off,15,10.0,10
0.0012676946257533205,5.03736394303982,0.0,0.0,0.999855979917236,off,15,10.0,11
0.0012759946737477055,4.050487541096032,0.0,0.0,1.000295371595836,off,15,10.0,12
0.0012703600390104918,4.002698397214944,0.0,0.0,1.0013144625919828,off,15,10.0,13
0.0012691843311850653,4.272024890170198,0.0,0.0,1.0029566009471438,off,15,10.0,14
0.0012711657066800154,3.1967643540655404,0.0,0.0,0.9949661965670674,off,15,10.0,15
0.0012679648470410726,3.227491131814909,0.0,0.0,1.0020363254687674,off,15,10.0,16
0.001290745846764398,4.088564420440696,0.0,0.0,0.9995399117500027,off,15,10.0,17
0.0012625503813606352,2.989726251127011,0.0,0.0,1.0026956380764946,off,15,10.0,18
0.0012697237873482519,3.5107022105050945,0.0,0.0,0.9993332005246931,off,15,10.0,19
0.0012723745789250927,4.5231026852988805,0.0,0.0,1.0058165336078297,off,15,10.0,20
0.0012861644376187577,3.66777090796315,0.0,0.0,1.001259445120527,off,15,10.0,21
0.0012766326713066448,4.217461628606486,0.0,0.0,0.9969585214395854,off,15,10.0,22
0.0012593100698428152,3.6231715657326315,0.0,0.0,1.0053644504880466,off,15,10.0,23
0.0012713456017987785,3.3568293903392314,0.0,0.0,1.0025385822172637,off,15,10.0,24
0.0012680353295347062,3.7182219387705757,0.0,0.0,0.9979426748403307,off,15,10.0,25
0.0012675804978969619,4.232828173845658,0.0,0.0,1.0002951186800177,off,15,10.0,26
0.0012810398181522735,6.737158605317353,0.0,0.0,0.9959689193950484,off,15,10.0,27
0.001269345582416228,3.3494557942733785,0.0,0.0,0.9998178848471957,off,15,10.0,28
0.0012748699475731663,3.3077319390514877,0.0,0.0,0.996382554207832,off,15,10.0,29
0.001270110165871866,4.236301158159873,0.0,0.0,1.0015701505202304,off,15,10.0,30
0.0025625575227968796,3.583736680580479,0.0,0.0,1.0004826976089953,off,60,10.0,1
0.002524348653925271,2.7821022386333034,0.0,0.0,0.9995368615540023,off,60,10.0,2
0.0024940884613487,4.041966828286225,0.0,0.0,0.9959782660450222,off,60,10.0,3
0.002525913303781838,4.298066866084519,0.0,0.0,1.0034560718130285,off,60,10.0,4
0.002513932388332545,4.678111706918552,0.0,0.0,0.9997918490838165,off,60,10.0,5
0.002556888912398218,4.395020192370531,0.0,0.0,1.0016204107080893,off,60,10.0,6
0.00253613961206223,3.1782262597296276,0.0,0.0,1.002997518967303,off,60,10.0,7
0.0025237887972243303,3.8111502461087845,0.0,0.0,1.0016421658613388,off,60,10.0,8
0.002539759862120325,4.325905683065308,0.0,0.0,0.9976220248871609,off,60,10.0,9
0.0025290971835861347,3.376417500551101,0.0,0.0,1.0005089837545331,off,60,10.0,10
0.002524628595648685,5.046109019422438,0.0,0.0,0.9999365334717394,off,60,10.0,11
0.0025516198712988015,4.057399218839837,0.0,0.0,1.0005208107315655,off,60,10.0,12
0.0025436347092389062,3.98717586998867,0.0,0.0,1.0005931736971825,off,60,10.0,13
0.002571689415301846,4.337271127998025,0.0,0.0,1.0024462922520034,off,60,10.0,14
0.0025385967563075424,3.196564052130068,0.0,0.0,0.9955123144832001,off,60,10.0,15
0.0025203274561462507,3.2219929411940083,0.0,0.0,1.0014025972777574,off,60,10.0,16
0.002644005007296861,4.091380709489736,0.0,0.0,0.9994721634163481,off,60,10.0,17
0.002553594746630919,2.9593175777331835,0.0,0.0,1.0022836045956534,off,60,10.0,18
0.002554148649540741,3.5078436537804345,0.0,0.0,0.9997958171522441,off,60,10.0,19
0.0025347332759118836,4.517997457527393,0.0,0.0,1.0053875244061945,off,60,10.0,20
0.002578137599499514,3.662841113154519,0.0,0.0,1.0018505019628186,off,60,10.0,21
0.0025406044857520823,4.211804647221317,0.0,0.0,0.9982836724920026,off,60,10.0,22
0.002492179414191557,3.6363632356406113,0.0,0.0,1.0042025912949641,off,60,10.0,23
0.0025319232412694855,3.3621726961059766,0.0,0.0,1.003159374858858,off,60,10.0,24
0.0025377547753104896,3.722258983967161,0.0,0.0,0.9986968835743364,off,60,10.0,25
0.0025116361265053286,4.211321636743384,0.0,0.0,0.9999708001810214,off,60,10.0,26
0.002527847275800642,6.821130085045734,0.0,0.0,0.9957828671541424,off,60,10.0,27
0.0025598237967221792,3.362697571856623,0.0,0.0,0.9997183068089489,off,60,10.0,28
0.0025632268422081453,3.308165509933195,0.0,0.0,0.9968958789660133,off,60,10.0,29
0.0025325147455818285,4.244904120178653,0.0,0.0,1.0009034168055544,off,60,10.0,30
0.0003092474159614761,3.585818851647212,0.0009999833333333337,0.001,0.9999833333333333,linear,1,10.0,1
0.0003085817916803957,2.783872738688684,0.0009999833333333337,0.001,0.9999833333333333,linear,1,10.0,2
0.00031116692003069674,3.996658287048188,0.0009999833333333337,0.001,0.9999833333333333,linear,1,10.0,3
0.0003108174472462272,4.299034856943209,0.0009999833333333337,0.001,0.9999833333333333,linear,1,10.0,4
0.00031170630923180924,4.664200104610444,0.0009999833333333337,0.001,0.9999833333333333,linear,1,10.0,5
0.0003139801825588278,4.418006265275871,0.0009999833333333337,0.001,0.9999833333333333,linear,1,10.0,6
0.00030881024129340845,3.163261245805967,0.0009999833333333337,0.001,0.9999833333333333,linear,1,10.0,7
0.00031147846086452397,3.820723513185257,0.0009999833333333337,0.001,0.9999833333333333,linear,1,10.0,8
0.0003109449924502502,4.336128441543668,0.0009999833333333337,0.001,0.9999833333333333,linear,1,10.0,9
0.0003101914636482311,3.3528728710342124,0.0009999833333333337,0.001,0.9999833333333333,linear,1,10.0,10
0.0003113954547174705,5.033815921841557,0.0009999833333333337,0.001,0.9999833333333333,linear,1,10.0,11
0.00031300949217674413,4.04849544444794,0.0009999833333333337,0.001,0.9999833333333333,linear,1,10.0,12
0.0003115015968985973,4.007788210672505,0.0009999833333333337,0.001,0.9999833333333333,linear,1,10.0,13
0.00030999272325496014,4.250435431799733,0.0009999833333333337,0.001,0.9999833333333333,linear,1,10.0,14
0.0003119656098784688,3.19705957189192,0.0009999833333333337,0.001,0.9999833333333333,linear,1,10.0,15
0.00031165967658789546,3.2294929343604215,0.0009999833333333337,0.001,0.9999833333333333,linear,1,10.0,16
0.0003141335686291219,4.088451041060006,0.0009999833333333337,0.001,0.9999833333333333,linear,1,10.0,17
0.0003085382422828124,3.0002671300788917,0.0009999833333333337,0.001,0.9999833333333333,linear,1,10.0,18
0.00031084336334595406,3.5115161537415025,0.0009999833333333337,0.001,0.9999833333333333,linear,1,10.0,19
0.0003125099637427201,4.524913975678451,0.0009999833333333337,0.001,0.9999833333333333,linear,1,10.0,20
0.00031526591151073826,3.66966820466285,0.0009999833333333337,0.001,0.9999833333333333,linear,1,10.0,21
0.0003136697672440686,4.219383974921336,0.0009999833333333337,0.001,0.9999833333333333,linear,1,10.0,22
0.0003100013461269338,3.6189617741744966,0.0009999833333333337,0.001,0.9999833333333333,linear,1,10.0,23
0.00031229832798780556,3.355346863518662,0.0009999833333333337,0.001,0.9999833333333333,linear,1,10.0,24
0.0003109848973206815,3.717139738863155,0.0009999833333333337,0.001,0.9999833333333333,linear,1,10.0,25
0.0003119080929591795,4.239794571486847,0.0009999833333333337,0.001,0.9999833333333333,linear,1,10.0,26
0.00031565806115680696,6.711639536860366,0.0009999833333333337,0.001,0.9999833333333333,linear,1,10.0,27
0.0003105144173078983,3.345321771429023,0.0009999833333333337,0.001,0.9999833333333333,linear,1,10.0,28
0.00031216529737306366,3.307630810064172,0.0009999833333333337,0.001,0.9999833333333333,linear,1,10.0,29
0.00031185933350651613,4.233615613112167,0.0009999833333333337,0.001,0.9999833333333333,linear,1,10.0,30
0.000692224664391425,3.5842183289007856,0.0010006912800545275,0.0010078677532088982,1.0006912800545273,linear,5,10.0,1
0.0006901454886125605,2.783531601857981,0.0010003527231639228,0.0010041814284287066,1.0003527231639229,linear,5,10.0,2
0.0006950778999547847,3.9989362093231104,0.0009967925303043328,0.001,0.9967925303043328,linear,5,10.0,3
0.000694736118134064,4.29874932693304,0.0010030579637612007,0.0010134507563898533,1.0030579637612005,linear,5,10.0,4
0.0006964127308840125,4.664690030246477,0.0010016350561173491,0.001009288927193976,1.001635056117349,linear,5,10.0,5
0.0007019518297566307,4.416680658919817,0.0010019041202760203,0.001005552663800504,1.0019041202760202,linear,5,10.0,6
0.0006907859731414755,3.1641437382757456,0.0010022282779151132,0.001005776888300759,1.0022282779151128,linear,5,10.0,7
0.0006961687215034147,3.820280861391592,0.0010003950437157299,0.0010047013112822912,1.0003950437157296,linear,5,10.0,8
0.0006955315723582299,4.333063673015245,0.000995757751758936,0.0010038705304246682,0.995757751758936,linear,5,10.0,9
0.0006935936806454106,3.3547368489087592,0.0010001444267730185,0.0010075076762359717,1.0001444267730184,linear,5,10.0,10
0.000695970112618778,5.035777285471088,0.0010015945958277118,0.0010059980039071063,1.0015945958277117,linear,5,10.0,11
0.0006998949801356847,4.049466700396994,0.0010000379310814978,0.0010036732489210492,1.0000379310814977,linear,5,10.0,12
0.0006965747784131991,4.00695276080661,0.0010007058921486013,0.0010071634665322273,1.0007058921486012,linear,5,10.0,13
0.0006939394264775207,4.253818347998305,0.0010007644522494975,0.0010133912909324973,1.0007644522494974,linear,5,10.0,14
0.0006975645128382429,3.197082794920255,0.0009975423421851488,0.0010023918410421366,0.9975423421851488,linear,5,10.0,15
0.0006964033416618763,3.228951945461289,0.0010025772135388413,0.0010087015130437892,1.0025772135388413,linear,5,10.0,16
0.000703901530620421,4.088497007427474,0.00100082446700011,0.001004945781359056,1.0008244670001099,linear,5,10.0,17
0.0006905574032892821,2.9974750942739607,0.0010016394466713008,0.0010070862534574576,1.0016394466713006,linear,5,10.0,18
0.0006954470250633967,3.511724728974219,0.0009998289181993322,0.001003564850688573,0.9998289181993321,linear,5,10.0,19
0.0006984633245748653,4.524493838267662,0.001002133782593216,0.001005979519669011,1.002133782593216,linear,5,10.0,20
0.0007050232631822598,3.6694659595233787,0.001001681892172447,0.0010103740200258769,1.0016818921724469,linear,5,10.0,21
0.0007011129649902123,4.218896092254657,0.0009986572801552833,0.0010014158878171534,0.9986572801552832,linear,5,10.0,22
0.0006923507842367634,3.6197210185642783,0.0010041370251645085,0.001010356962955074,1.0041370251645085,linear,5,10.0,23
0.0006979802420475706,3.355776562614281,0.001001623989496984,0.0010123779217120306,1.0016239894969838,linear,5,10.0,24
0.0006953865268475032,3.7177737652615015,0.0010006975398303424,0.0010059367583743657,1.0006975398303422,linear,5,10.0,25
0.0006968084710064842,4.236676459440187,0.0010008436519959455,0.0010077872402183717,1.0008436519959456,linear,5,10.0,26
0.0007050135027249903,6.716867324713965,0.0009982525093472892,0.0010027616732729732,0.9982525093472893,linear,5,10.0,27
0.0006948621446210517,3.3466047341429412,0.0009995584105698338,0.0010036074797896836,0.9995584105698335,linear,5,10.0,28
0.0006984771535679083,3.308236225116606,0.0009967153175937918,0.001,0.9967153175937916,linear,5,10.0,29
0.0006970569155396846,4.2341141598084775,0.0010023896110629641,0.0010064650071500822,1.0023896110629638,linear,5,10.0,30
0.0012021301788649242,3.583332959713827,0.0010016040209524788,0.0010156182852676385,1.0016040209524788,linear,15,10.0,1
0.0011960743836881092,2.7822597940935427,0.0009992409403476712,0.0010111977400095943,0.9992409403476709,linear,15,10.0,2
0.001200406136836235,4.00807316050906,0.0009969600713121245,0.00100552808925127,0.9969600713121245,linear,15,10.0,3
0.001202591793992752,4.298418576644093,0.001003809469921986,0.001014683992858349,1.0038094699219857,linear,15,10.0,4
0.0012040306167280523,4.66477553112025,0.0010008965696068884,0.0010200845751879312,1.0008965696068886,linear,15,10.0,5
0.001215523469713361,4.412501748390324,0.0010025259365241447,0.001012892580122139,1.0025259365241446,linear,15,10.0,6
0.001197930924036961,3.1678942454212446,0.0010025412142300406,0.0010158128541666825,1.0025412142300405,linear,15,10.0,7
0.001204515078139797,3.819974619957766,0.0010003808334023397,0.0010121270902031594,1.0003808334023396,linear,15,10.0,8
0.00120496645633607,4.32999969637385,0.000997101901366272,0.0010184760561411743,0.9971019013662719,linear,15,10.0,9
0.0012012984666594838,3.359332199114184,0.001000337714575034,0.0010139808943797708,1.0003377145750338,linear,15,10.0,10
0.0012044145577078805,5.041256391253542,0.0009997877860838827,0.0010126133114414543,0.9997877860838829,linear,15,10.0,11
0.0012121863667830764,4.05108023776198,0.001000303285043046,0.001008770314301076,1.000303285043046,linear,15,10.0,12
0.0012067385672598979,4.003250770357945,0.0010012823092034374,0.0010133831960203383,1.0012823092034373,linear,15,10.0,13
0.0012052574005506692,4.265940567811634,0.0010028139939158589,0.0010183274295168174,1.002813993915859,linear,15,10.0,14
0.0012079553827311809,3.196545497374496,0.0009949924695342022,0.0010067699563461668,0.994992469534202,linear,15,10.0,15
0.001204575780714408,3.227982321591785,0.0010019541953102055,0.0010134621746502152,1.0019541953102056,linear,15,10.0,16
0.001225737286575982,4.089818627537082,0.0009995339587809539,0.0010095811775252084,0.9995339587809539,linear,15,10.0,17
0.0011990253785801124,2.9906406374675374,0.0010025797551083027,0.0010147439084269788,1.0025797551083027,linear,15,10.0,18
0.0012061566535132673,3.512832420674509,0.0009993656526937676,0.0010108215520789757,0.9993656526937676,linear,15,10.0,19
0.0012084724331987873,4.524299772832608,0.0010058336764058114,0.0010199197850937376,1.0058336764058113,linear,15,10.0,20
0.0012217295547600972,3.668233643921954,0.0010012602745568865,0.0010139986961019,1.0012602745568864,linear,15,10.0,21
0.0012131080839119692,4.217777844671324,0.0009969362571376516,0.001006319124722427,0.9969362571376518,linear,15,10.0,22
0.0011962396281167196,3.6230915027593618,0.001005300388796469,0.0010169448481320185,1.0053003887964689,linear,15,10.0,23
0.0012077091949664336,3.356932207128687,0.001002464781722154,0.0010144177812271354,1.002464781722154,linear,15,10.0,24
0.0012047435776968145,3.718564599345852,0.0009979706261181007,0.0010143101204713918,0.9979706261181006,linear,15,10.0,25
0.0012043759412836788,4.231613885875866,0.0010002658617129488,0.001015580266306037,1.0002658617129487,linear,15,10.0,26
0.0012175384009560663,6.73274177085564,0.000995907189066762,0.0010084640175692288,0.9959071890667617,linear,15,10.0,27
0.0012057187229252428,3.3494009551892807,0.0009997976043546967,0.0010134709393200176,0.9997976043546967,linear,15,10.0,28
0.0012112377816261562,3.308608098566636,0.0009965192738251713,0.0010061363286587798,0.9965192738251714,linear,15,10.0,29
0.001206577308078217,4.235803347944178,0.0010014974818561635,0.001012808605205879,1.0014974818561633,linear,15,10.0,30
0.0024324381884442197,3.583390499817056,0.0010005408716529222,0.0010252123656619525,1.0005408716529223,linear,60,10.0,1
0.002397764054864793,2.7780504295760897,0.0009994852463779966,0.00102933814817632,0.9994852463779966,linear,60,10.0,2
0.002371817907606859,4.039395698594671,0.0009959388455306401,0.0010197461979776484,0.99593884553064,linear,60,10.0,3
0.0023995640576978143,4.298698007493872,0.0010033519842814827,0.0010284826693785659,1.0033519842814826,linear,60,10.0,4
0.002389439976961005,4.670945550766683,0.0009997375007314649,0.0010296564954863148,0.9997375007314648,linear,60,10.0,5
0.00242902228035728,4.397562421398799,0.0010015390406506374,0.0010245814347004986,1.0015390406506373,linear,60,10.0,6
0.0024081330592255748,3.176737813215147,0.0010030566294026296,0.001029332771321856,1.0030566294026297,linear,60,10.0,7
0.0023981370907232447,3.814028719980005,0.0010015858885265559,0.0010292952808828788,1.0015858885265556,linear,60,10.0,8
0.002412855789862221,4.322680317161307,0.000997541646569316,0.0010256832591773962,0.9975416465693159,linear,60,10.0,9
0.002402564903361281,3.3772061067347847,0.0010005026840033896,0.0010274483772364157,1.0005026840033895,linear,60,10.0,10
0.0023990376636979674,5.048128220810895,0.0009999562923416975,0.0010237183183281458,0.9999562923416976,linear,60,10.0,11
0.0024239951770525913,4.055346439423528,0.0010004555404445933,0.0010255298552202237,1.0004555404445932,linear,60,10.0,12
0.0024161696003086376,3.987336077445879,0.0010004827085716445,0.0010274566033664895,1.0004827085716443,linear,60,10.0,13
0.0024407439384393596,4.32793341965238,0.0010021974819779812,0.0010292415977219726,1.0021974819779813,linear,60,10.0,14
0.002412432109786246,3.194518659605997,0.0009955305240843648,0.001019863404824093,0.9955305240843649,linear,60,10.0,15
0.00239504990422766,3.2210953959602415,0.0010013693666697054,0.001030654684611858,1.0013693666697052,linear,60,10.0,16
0.0025080252667291467,4.090652592107494,0.0009993930151709518,0.0010254317903264701,0.999393015170952,linear,60,10.0,17
0.0024239055845431167,2.962043234508621,0.0010022082800498525,0.0010317671813098548,1.0022082800498526,linear,60,10.0,18
0.002425585308470911,3.5113205779159733,0.0009998699907048238,0.0010276352525958434,0.9998699907048236,linear,60,10.0,19
0.0024079422109171437,4.520511985644399,0.001005530733210065,0.0010301812683727873,1.005530733210065,linear,60,10.0,20
0.002448632225550638,3.662758150219015,0.0010018323211259828,0.0010251251029824604,1.0018323211259827,linear,60,10.0,21
0.0024145040085196555,4.2107067304479155,0.0009983745564619722,0.001026510489588537,0.9983745564619723,linear,60,10.0,22
0.0023686177477377176,3.63253194741659,0.00100416808791427,0.0010308650125791514,1.00416808791427,linear,60,10.0,23
0.0024055815696674672,3.358036757491301,0.0010030769107051663,0.0010314130369392135,1.0030769107051665,linear,60,10.0,24
0.002410881644063905,3.7190106886383285,0.0009986706387122533,0.00103079920508078,0.9986706387122531,linear,60,10.0,25
0.002387411229098019,4.208910105181487,0.0009999614121330217,0.0010276673065876306,0.9999614121330216,linear,60,10.0,26
0.0024040744579534993,6.815341641674475,0.000995625040814977,0.0010240291367755363,0.995625040814977,linear,60,10.0,27
0.0024305943122655735,3.364453042756624,0.0009996454719394888,0.0010262865054653804,0.9996454719394887,linear,60,10.0,28
0.002434629724502953,3.3084375154100263,0.0009970065653782938,0.0010249132781880526,0.9970065653782937,linear,60,10.0,29
0.00240629258237022,4.249225241266628,0.0010007192550683052,0.001026348030284815,1.0007192550683053,linear,60,10.0,30
0.00028482698452205504,3.585826430347537,0.0025,0.0025,0.9999833333333333,flat,1,10.0,1
0.0002842188695222457,2.783875684499143,0.0025,0.0025,0.9999833333333333,flat,1,10.0,2
0.0002866078945767241,3.9965980547145827,0.0025,0.0025,0.9999833333333333,flat,1,10.0,3
0.00028628054683169324,4.299036518319184,0.0025,0.0025,0.9999833333333333,flat,1,10.0,4
0.00028710220632949767,4.664184034059525,0.0025,0.0025,0.9999833333333333,flat,1,10.0,5
0.00028919272844749695,4.418037081977006,0.0025,0.0025,0.9999833333333333,flat,1,10.0,6
0.00028442765955930135,3.1632404470813045,0.0025,0.0025,0.9999833333333333,flat,1,10.0,7
0.00028689053942927,3.820736374865067,0.0025,0.0025,0.9999833333333333,flat,1,10.0,8
0.0002863959969329983,4.336144700972482,0.0025,0.0025,0.9999833333333333,flat,1,10.0,9
0.0002857027557507358,3.3528429613334385,0.0025,0.0025,0.9999833333333333,flat,1,10.0,10
0.00028681385755003675,5.033795538593628,0.0025,0.0025,0.9999833333333333,flat,1,10.0,11
0.00028829832050995997,4.048485045641932,0.0025,0.0025,0.9999833333333333,flat,1,10.0,12
0.00028690887203931315,4.007815668300429,0.0025,0.0025,0.9999833333333333,flat,1,10.0,13
0.00028551302861924173,4.2503176519975305,0.0025,0.0025,0.9999833333333333,flat,1,10.0,14
0.00028733756612182615,3.197061426417579,0.0025,0.0025,0.9999833333333333,flat,1,10.0,15
0.0002870581721329828,3.2295040551743757,0.0025,0.0025,0.9999833333333333,flat,1,10.0,16
0.00028932125851385186,4.0884513658394965,0.0025,0.0025,0.9999833333333333,flat,1,10.0,17
0.00028417419209899626,3.0003250153114527,0.0025,0.0025,0.9999833333333333,flat,1,10.0,18
0.0002863000267974275,3.5115202591173214,0.0025,0.0025,0.9999833333333333,flat,1,10.0,19
0.00028784016167208943,4.524923927819831,0.0025,0.0025,0.9999833333333333,flat,1,10.0,20
0.0002903754750670817,3.6696787966179674,0.0025,0.0025,0.9999833333333333,flat,1,10.0,21
0.00028890900876925893,4.219394511730258,0.0025,0.0025,0.9999833333333333,flat,1,10.0,22
0.0002855331278060332,3.6189388839664076,0.0025,0.0025,0.9999833333333333,flat,1,10.0,23
0.0002876454925911125,3.3553392574384313,0.0025,0.0025,0.9999833333333333,flat,1,10.0,24
0.0002864332273724164,3.7171341696478635,0.0025,0.0025,0.9999833333333333,flat,1,10.0,25
0.0002872887392421095,4.239831831856883,0.0025,0.0025,0.9999833333333333,flat,1,10.0,26
0.000290744897662418,6.711504200528584,0.0025,0.0025,0.9999833333333333,flat,1,10.0,27
0.00028599594030687174,3.345299611870928,0.0025,0.0025,0.9999833333333333,flat,1,10.0,28
0.00028751794808505116,3.307630282280246,0.0025,0.0025,0.9999833333333333,flat,1,10.0,29
0.0002872404237943854,4.233601244787293,0.0025,0.0025,0.9999833333333333,flat,1,10.0,30
0.0006375315644122089,3.5854914150984056,0.0025,0.0025,1.0006986807116085,flat,5,10.0,1
0.0006356588520452965,2.783740154938415,0.0025,0.0025,1.0003525972214868,flat,5,10.0,2
0.0006401717543873732,3.999397549547708,0.0025,0.0025,0.9967224937647189,flat,5,10.0,3
0.000640007052069728,4.29896015961353,0.0025,0.0025,1.0031202886539237,flat,5,10.0,4
0.0006415354332426669,4.664937611598466,0.0025,0.0025,1.0016583191965176,flat,5,10.0,5
0.0006466042605231111,4.416603742760188,0.0025,0.0025,1.0019521431574108,flat,5,10.0,6
0.0006362939390078468,3.164204291410404,0.0025,0.0025,1.0022783946385065,flat,5,10.0,7
0.0006412485936480747,3.8201375892705647,0.0025,0.0025,1.0004039440236303,flat,5,10.0,8
0.0006404752272424148,4.335395209251509,0.0025,0.0025,0.995622116216519,flat,5,10.0,9
0.0006388426806668253,3.354240177942576,0.0025,0.0025,1.0001589317315218,flat,5,10.0,10
0.0006411036974480014,5.034729370670481,0.0025,0.0025,1.0016491996129813,flat,5,10.0,11
0.0006446421493230701,4.048972930938609,0.0025,0.0025,1.0000527520337614,flat,5,10.0,12
0.0006415998714417827,4.0065375729366695,0.0025,0.0025,1.0006953738504656,flat,5,10.0,13
0.0006391122248711992,4.255781830070892,0.0025,0.0025,1.0007660638500697,flat,5,10.0,14
0.0006424199797386138,3.1969779333377284,0.0025,0.0025,0.9975090139028229,flat,5,10.0,15
0.0006415470560029359,3.228990139530108,0.0025,0.0025,1.0026606720957487,flat,5,10.0,16
0.0006482219546377323,4.088445809268496,0.0025,0.0025,1.0008640334184016,flat,5,10.0,17
0.0006360313230630163,2.997642496259431,0.0025,0.0025,1.0016732140009048,flat,5,10.0,18
0.0006405028274119261,3.5113255254021585,0.0025,0.0025,0.9998299115640389,flat,5,10.0,19
0.0006434164273028063,4.524462706989771,0.0025,0.0025,1.002191155432984,flat,5,10.0,20
0.0006494090017732414,3.6691899089401527,0.0025,0.0025,1.001731037680812,flat,5,10.0,21
0.0006457453259844646,4.218906126832154,0.0025,0.0025,0.9986354996523288,flat,5,10.0,22
0.00063789252756375,3.6200015535472634,0.0025,0.0025,1.0042450408474195,flat,5,10.0,23
0.0006429584352922097,3.3556981558058245,0.0025,0.0025,1.0016596234949464,flat,5,10.0,24
0.0006405077893119201,3.7173962728544163,0.0025,0.0025,1.0007464721843373,flat,5,10.0,25
0.0006418818083547294,4.238093363875362,0.0025,0.0025,1.000847948416218,flat,5,10.0,26
0.0006493759813940952,6.717831971988199,0.0025,0.0025,0.9982265811811247,flat,5,10.0,27
0.0006399425054492586,3.3463334020809263,0.0025,0.0025,0.999548288041228,flat,5,10.0,28
0.0006431935605366852,3.307655208482619,0.0025,0.0025,0.9966301811778148,flat,5,10.0,29
0.0006421249593197776,4.234271245765982,0.0025,0.0025,1.0024585904453578,flat,5,10.0,30
0.0011069742821320316,3.5848030988250805,0.0025,0.0025,1.0015337962862492,flat,15,10.0,1
0.0011015369657462666,2.783418728066211,0.0025,0.0025,0.9993198918300694,flat,15,10.0,2
0.0011058329976382326,4.006304982522154,0.0025,0.0025,0.9968839164785664,flat,15,10.0,3
0.001107949096432428,4.298780352272937,0.0025,0.0025,1.0039070882722296,flat,15,10.0,4
0.0011092820264352074,4.666858473538759,0.0025,0.0025,1.0009245090025916,flat,15,10.0,5
0.0011197353958268582,4.41306171723584,0.0025,0.0025,1.0025319083540163,flat,15,10.0,6
0.0011033409138493614,3.16655925380051,0.0025,0.0025,1.0025805281906577,flat,15,10.0,7
0.0011095806396287686,3.8186558640689947,0.0025,0.0025,1.0004235816926026,flat,15,10.0,8
0.0011096464136383752,4.333604992100796,0.0025,0.0025,0.9970579355560545,flat,15,10.0,9
0.0011064818484534398,3.3577414806326074,0.0025,0.0025,1.000298650594341,flat,15,10.0,10
0.0011094401280116238,5.036920971266136,0.0025,0.0025,0.9998559985533333,flat,15,10.0,11
0.001116504599388468,4.050216567477223,0.0025,0.0025,1.0002953829506032,flat,15,10.0,12
0.0011115145406046625,4.0033717364138095,0.0025,0.0025,1.001314478525638,flat,15,10.0,13
0.00110991278363471,4.269192349932751,0.0025,0.0025,1.00295667051322,flat,15,10.0,14
0.0011123443444811096,3.196798315463009,0.0025,0.0025,0.994966121530148,flat,15,10.0,15
0.001109769300510001,3.227748963388202,0.0025,0.0025,1.0020363516761468,flat,15,10.0,16
0.0011282385839037126,4.0885263590710235,0.0025,0.0025,0.9995398109833437,flat,15,10.0,17
0.0011041918325226693,2.9910978023466086,0.0025,0.0025,1.0026956420517124,flat,15,10.0,18
0.0011107259713616412,3.5108153459452334,0.0025,0.0025,0.9993331745764175,flat,15,10.0,19
0.0011135198783777576,4.523338776319798,0.0025,0.0025,1.0058165457730308,flat,15,10.0,20
0.0011252898726094797,3.6680148429561408,0.0025,0.0025,1.0012594788704383,flat,15,10.0,21
0.001117298541518668,4.217712880444893,0.0025,0.0025,0.9969585460410337,flat,15,10.0,22
0.0011024111118899138,3.622618511375981,0.0025,0.0025,1.0053644278810747,flat,15,10.0,23
0.001112637035885679,3.356626038275306,0.0025,0.0025,1.002538563123978,flat,15,10.0,24
0.0011095047520325492,3.7180726295866497,0.0025,0.0025,0.997942644246427,flat,15,10.0,25
0.0011095908370211036,4.233757373241465,0.0025,0.0025,1.0002950883635968,flat,15,10.0,26
0.0011215772563531318,6.733746207986687,0.0025,0.0025,0.9959691771831587,flat,15,10.0,27
0.0011102810294471807,3.348911383079286,0.0025,0.0025,0.999817959950576,flat,15,10.0,28
0.001115255119488662,3.3077196849564316,0.0025,0.0025,0.9963825419223942,flat,15,10.0,29
0.0011114939865449506,4.235943401987325,0.0025,0.0025,1.001570181640273,flat,15,10.0,30
0.0022378465365062252,3.5836329067840076,0.0025,0.0025,1.0004835224291937,flat,60,10.0,1
0.0022078997069884835,2.782269633295339,0.0025,0.0025,0.9995370082548451,flat,60,10.0,2
0.0021867338129952572,4.036465501351436,0.0025,0.0025,0.9959781713159309,flat,60,10.0,3
0.002211037480796498,4.298146199776206,0.0025,0.0025,1.0034560540881416,flat,60,10.0,4
0.00220255513387901,4.676196508883958,0.0025,0.0025,0.9997918490604469,flat,60,10.0,5
0.0022376157503072513,4.397800654109414,0.0025,0.0025,1.0016203744399272,flat,60,10.0,6
0.0022172452951465115,3.1764602893923355,0.0025,0.0025,1.0029973940774946,flat,60,10.0,7
0.0022099476280260373,3.8122839496013885,0.0025,0.0025,1.0016423352890422,flat,60,10.0,8
0.002221851825750607,4.3269307737564615,0.0025,0.0025,0.9976220086883715,flat,60,10.0,9
0.002212926210368444,3.373433221119048,0.0025,0.0025,1.0005090074285254,flat,60,10.0,10
0.0022105398347754216,5.044939256274313,0.0025,0.0025,0.999936599230252,flat,60,10.0,11
0.00223270010619791,4.056189267574161,0.0025,0.0025,1.0005208422634166,flat,60,10.0,12
0.002225234690435391,3.9896852184855867,0.0025,0.0025,1.0005931984330383,flat,60,10.0,13
0.0022455035826667467,4.326841780973894,0.0025,0.0025,1.0024465090704786,flat,60,10.0,14
0.0022217643021204612,3.1965267038871383,0.0025,0.0025,0.9955120690444382,flat,60,10.0,15
0.002207453089044647,3.222819103119167,0.0025,0.0025,1.0014026588023832,flat,60,10.0,16
0.0023046275105507957,4.090685734815006,0.0025,0.0025,0.9994716055860629,flat,60,10.0,17
0.0022304026720642504,2.964034426230163,0.0025,0.0025,1.0022835180667673,flat,60,10.0,18
0.0022328490028402253,3.508343495646897,0.0025,0.0025,0.9997956792241559,flat,60,10.0,19
0.0022192859889529873,4.518784230336444,0.0025,0.0025,1.0053875814562923,flat,60,10.0,20
0.0022550059720494904,3.6635551636327373,0.0025,0.0025,1.0018508525172163,flat,60,10.0,21
0.0022247723189302506,4.212703997316141,0.0025,0.0025,0.9982837344008655,flat,60,10.0,22
0.0021842836916927157,3.634214217118787,0.0025,0.0025,1.0042024912845602,flat,60,10.0,23
0.002216904718747845,3.3612299853361156,0.0025,0.0025,1.0031593990998262,flat,60,10.0,24
0.0022202516431659835,3.721524759431886,0.0025,0.0025,0.9986967386560816,flat,60,10.0,25
0.0022009061542407654,4.214859836710414,0.0025,0.0025,0.9999706793854095,flat,60,10.0,26
0.002216570073854177,6.807135325854212,0.0025,0.0025,0.9957834511146718,flat,60,10.0,27
0.002236852530317198,3.3605731860172847,0.0025,0.0025,0.999718534430884,flat,60,10.0,28
0.0022409343819764656,3.30810433822617,0.0025,0.0025,0.9968958892887595,flat,60,10.0,29
0.0022170238369870537,4.243472883076571,0.0025,0.0025,1.0009035183441672,flat,60,10.0,30
0.0002787750707600263,3.5858282942688344,0.002871698025061129,0.0028717458874925874,0.9999833333333333,adaptive,1,10.0,1
0.0002781809969415017,2.783876417962654,0.002871698025061129,0.0028717458874925874,0.9999833333333333,adaptive,1,10.0,2
0.00028052122738280285,3.996583126211986,0.002871698025061129,0.0028717458874925874,0.9999833333333333,adaptive,1,10.0,3
0.0002801994849959665,4.29903692952478,0.002871698025061129,0.0028717458874925874,0.9999833333333333,adaptive,1,10.0,4
0.0002810044250992463,4.66418004816242,0.002871698025061129,0.0028717458874925874,0.9999833333333333,adaptive,1,10.0,5
0.0002830497137474808,4.418044712083233,0.002871698025061129,0.0028717458874925874,0.9999833333333333,adaptive,1,10.0,6
0.0002783849439062289,3.163235291285977,0.002871698025061129,0.0028717458874925874,0.9999833333333333,adaptive,1,10.0,7
0.0002807968527344414,3.8207395586582544,0.002871698025061129,0.0028717458874925874,0.9999833333333333,adaptive,1,10.0,8
0.00028031198361178945,4.336148743244459,0.002871698025061129,0.0028717458874925874,0.9999833333333333,adaptive,1,10.0,9
0.000279633677849091,3.3528355479346326,0.002871698025061129,0.0028717458874925874,0.9999833333333333,adaptive,1,10.0,10
0.000280721656216031,5.033790491096523,0.002871698025061129,0.0028717458874925874,0.9999833333333333,adaptive,1,10.0,11
0.00028217419356099877,4.048482478518938,0.002871698025061129,0.0028717458874925874,0.9999833333333333,adaptive,1,10.0,12
0.0002808140479909782,4.007822471295837,0.002871698025061129,0.0028717458874925874,0.9999833333333333,adaptive,1,10.0,13
0.00027944636420906794,4.250288456885058,0.002871698025061129,0.0028717458874925874,0.9999833333333333,adaptive,1,10.0,14
0.00028123401431604265,3.197061900058551,0.002871698025061129,0.0028717458874925874,0.9999833333333333,adaptive,1,10.0,15
0.00028096113042847594,3.2295068128333053,0.002871698025061129,0.0028717458874925874,0.9999833333333333,adaptive,1,10.0,16
0.0002831722922599223,4.088451456392036,0.002871698025061129,0.0028717458874925874,0.9999833333333333,adaptive,1,10.0,17
0.0002781362077830054,3.000339365963005,0.002871698025061129,0.0028717458874925874,0.9999833333333333,adaptive,1,10.0,18
0.0002802175765706553,3.5115212781340803,0.002871698025061129,0.0028717458874925874,0.9999833333333333,adaptive,1,10.0,19
0.00028172624097622833,4.524926402130783,0.002871698025061129,0.0028717458874925874,0.9999833333333333,adaptive,1,10.0,20
0.00028420681430652776,3.6696814184537443,0.002871698025061129,0.0028717458874925874,0.9999833333333333,adaptive,1,10.0,21
0.00028277248490042367,4.219397129736051,0.002871698025061129,0.0028717458874925874,0.9999833333333333,adaptive,1,10.0,22
0.0002794690466251836,3.6189332163748897,0.002871698025061129,0.0028717458874925874,0.9999833333333333,adaptive,1,10.0,23
0.0002815356629115624,3.355337360759239,0.002871698025061129,0.0028717458874925874,0.9999833333333333,adaptive,1,10.0,24
0.0002803486139348043,3.717132787926401,0.002871698025061129,0.0028717458874925874,0.9999833333333333,adaptive,1,10.0,25
0.00028118718658690876,4.239841068148557,0.002871698025061129,0.0028717458874925874,0.9999833333333333,adaptive,1,10.0,26
0.0002845705157541191,6.711470661883395,0.002871698025061129,0.0028717458874925874,0.9999833333333333,adaptive,1,10.0,27
0.000279919584661029,3.3452941254229307,0.002871698025061129,0.0028717458874925874,0.9999833333333333,adaptive,1,10.0,28
0.00028140961658121186,3.3076301570176128,0.002871698025061129,0.0028717458874925874,0.9999833333333333,adaptive,1,10.0,29
0.0002811391148525435,4.233597689563531,0.002871698025061129,0.0028717458874925874,0.9999833333333333,adaptive,1,10.0,30
0.0006238382884510866,3.5789878182209813,0.002875277934228947,0.002909004802366746,1.000671000530516,adaptive,5,10.0,1
0.0006220840643984837,2.782495111352632,0.0028736335147291014,0.0028935129884077467,1.0003561554783467,adaptive,5,10.0,2
0.0006271338711995959,3.9955911359828784,0.002856709950457044,0.0028717458874925874,0.9970776323136582,adaptive,5,10.0,3
0.0006258747154340813,4.297870413561441,0.0028863993713002306,0.002935445257171749,1.002816719275543,adaptive,5,10.0,4
0.0006276242800622467,4.662432461403875,0.002879808508523456,0.002915308478091102,1.0015468528439715,adaptive,5,10.0,5
0.0006325441426523051,4.4179558050766055,0.0028806629267753843,0.0028980007471206,1.0017152015473578,adaptive,5,10.0,6
0.0006223875338749578,3.1634828082462922,0.0028822512184571735,0.0028989016890320525,1.0020216451019712,adaptive,5,10.0,7
0.0006275669827427439,3.821234749800861,0.0028736309198996762,0.002893866974040757,1.0003555276716152,adaptive,5,10.0,8
0.0006275380472745923,4.323526496797273,0.0028527908641251994,0.00289502506098288,0.9963098814322022,adaptive,5,10.0,9
0.0006252484421176628,3.3560272317383717,0.002872322641070368,0.0029087078442729666,1.0000997918911907,adaptive,5,10.0,10
0.0006272282477559044,5.039482332787234,0.0028789506268372287,0.002900471383787422,1.0013833606258609,adaptive,5,10.0,11
0.0006309522703517433,4.051158306380834,0.002871730880083293,0.002889863450459794,0.9999883382436112,adaptive,5,10.0,12
0.0006278273687792421,4.009760042970829,0.0028756911109000445,0.0029091454286206,1.0007504290798894,adaptive,5,10.0,13
0.0006253517985618819,4.242664634856112,0.0028756550568551417,0.002931697182772253,1.0007353323282597,adaptive,5,10.0,14
0.0006292104877902941,3.1974858731570173,0.0028598529277086377,0.0028846025229575896,0.9976851601151279,adaptive,5,10.0,15
0.0006275013818259153,3.229226424806382,0.0028833657582462225,0.002912904158665758,1.002235089019729,adaptive,5,10.0,16
0.000634289502698507,4.088680638632997,0.0028752689804351747,0.00289522187641069,1.0006711775194645,adaptive,5,10.0,17
0.0006222199541096142,2.9983332856209968,0.002879543273919874,0.0029059636334024556,1.0014976484501525,adaptive,5,10.0,18
0.0006269249818428949,3.5136597546309236,0.0028709277888491493,0.002890296741674284,0.9998327208954043,adaptive,5,10.0,19
0.0006293918986702108,4.525432066035278,0.0028816500062190044,0.0029000687157150896,1.0019057605543389,adaptive,5,10.0,20
0.0006353227784913292,3.6708631688357167,0.0028795771676239984,0.0029209080462431853,1.0015010243204125,adaptive,5,10.0,21
0.000632274384762566,4.2192436958560995,0.002865334666750832,0.002879335679567125,0.9987501371678047,adaptive,5,10.0,22
0.0006236554596319037,3.6176650290431906,0.002890937802452699,0.0029201646310768182,1.0036958131004505,adaptive,5,10.0,23
0.0006290175048683562,3.3556803497743104,0.002879382731776917,0.002932071873270126,1.001461633752368,adaptive,5,10.0,24
0.0006268071333691126,3.7191931188097582,0.0028744252862233756,0.0028994900919128734,1.0005059741243247,adaptive,5,10.0,25
0.0006280948168791916,4.231741305260137,0.002876098711814303,0.00290786503008685,1.0008305294524333,adaptive,5,10.0,26
0.0006359064765643707,6.709101145083297,0.0028633365272185676,0.0028851334679151643,0.9983608866311957,adaptive,5,10.0,27
0.0006264170036869053,3.347087677409852,0.0028697036403791793,0.0028896378101393983,0.9995953284616048,adaptive,5,10.0,28
0.000630073800256444,3.3106452825805146,0.002856698642784759,0.0028717458874925874,0.9970737298886021,adaptive,5,10.0,29
0.0006280839668989531,4.233122046901729,0.0028827266998510594,0.002902242035737694,1.00211305815551,adaptive,5,10.0,30
0.0010827566104365716,3.5796209015198137,0.002881247643872365,0.0029436553375329784,1.0018122818175232,adaptive,15,10.0,1
0.0010784388157446157,2.77774190493038,0.002866521798640255,0.0029195777033610105,0.9989675526904905,adaptive,15,10.0,2
0.0010833374934416762,4.011285877713631,0.00285780936114375,0.0029006955907350256,0.9972845126466724,adaptive,15,10.0,3
0.0010832965546228714,4.297835671083575,0.002889438892020022,0.002940619467581557,1.0033916110057377,adaptive,15,10.0,4
0.0010854347036037078,4.656576055056027,0.0028760574812834163,0.0029647990132631234,1.0007923485954826,adaptive,15,10.0,5
0.0010951361523144397,4.411751076785794,0.0028846932310858287,0.002935083537251679,1.0024828179364202,adaptive,15,10.0,6
0.0010791309785600728,3.1720768885499506,0.002883989925174455,0.002951009765545624,1.0023441658821364,adaptive,15,10.0,7
0.0010859691723237453,3.8263648078713626,0.002873064432025236,0.0029287081642120232,1.0002341040662772,adaptive,15,10.0,8
0.0010868702512108852,4.31796991615132,0.002857920653539198,0.0029486845900082107,0.997284125159154,adaptive,15,10.0,9
0.001082813768165344,3.361880344089073,0.002874295141685355,0.002940201461024298,1.0004646569947184,adaptive,15,10.0,10
0.0010860570369647196,5.056203807666112,0.0028695045369996146,0.0029251778055642426,0.9995451658555653,adaptive,15,10.0,11
0.0010927084802811195,4.054398086928886,0.002873548036221128,0.0029142122938581763,1.000331911356777,adaptive,15,10.0,12
0.0010875218958652302,4.004549950663529,0.0028777184461504053,0.0029328426659002687,1.0011309314319004,adaptive,15,10.0,13
0.0010854070982889176,4.243353639170722,0.0028837147031786723,0.002953701611267766,1.0022769668089029,adaptive,15,10.0,14
0.0010902918517834966,3.195640767297818,0.002846947066901076,0.002901506796780163,0.9951695058996015,adaptive,15,10.0,15
0.0010857074646501237,3.2301161499600735,0.0028803562688863213,0.002933775978398561,1.0016408976366058,adaptive,15,10.0,16
0.0011042773780902682,4.095394131159356,0.0028693735841491333,0.0029172919752611798,0.9995186761156217,adaptive,15,10.0,17
0.0010799552394722323,2.993406855240276,0.002882880472989527,0.0029385668833084135,1.002131040146238,adaptive,15,10.0,18
0.0010872521626644459,3.5213817802041234,0.002869252880984352,0.002925730491453745,0.9994902411857093,adaptive,15,10.0,19
0.0010879795273724534,4.528340457629559,0.0029021142484733213,0.0029674378694402974,1.0058272076074466,adaptive,15,10.0,20
0.0011009578219028356,3.6696486848763,0.002878246621369354,0.0029375549667994116,1.0012341936092586,adaptive,15,10.0,21
0.001094643042560304,4.219346131804156,0.0028558608954906504,0.002901654942990853,0.9968974946656628,adaptive,15,10.0,22
0.0010774556719941816,3.6223850655137912,0.002897689709825941,0.002956574237889517,1.0049884283924457,adaptive,15,10.0,23
0.0010882909287162003,3.3570542407118804,0.0028832306495392515,0.002939970323595718,1.002192526318948,adaptive,15,10.0,24
0.00108650497642985,3.7201578218169162,0.00286219328988446,0.002935344311838126,0.9981141604029383,adaptive,15,10.0,25
0.0010859968975505964,4.225328786006082,0.0028726261698341932,0.0029470716685394307,1.0001458247355857,adaptive,15,10.0,26
0.0010992386380081246,6.7152533407860595,0.002849938177247145,0.0029072968018791726,0.9957491586342078,adaptive,15,10.0,27
0.0010867237723530072,3.3502089615005968,0.0028704552219394348,0.002935033441133963,0.9997201424634282,adaptive,15,10.0,28
0.0010924979573434257,3.312504357026415,0.0028566024999823127,0.0029043505682388327,0.9970436811401183,adaptive,15,10.0,29
0.0010875130816099666,4.23490478760644,0.0028781811368950383,0.0029325235298186428,1.0012247230727391,adaptive,15,10.0,30
0.0021890547620274396,3.5837498636912333,0.00287581573461406,0.0029863845317787832,1.0007014966399268,adaptive,60,10.0,1
0.002161086669500269,2.762171682698991,0.002868765259902299,0.003003297427362768,0.9993337573592476,adaptive,60,10.0,2
0.002143737374569997,4.034308889814705,0.0028503051722895325,0.002964612062324665,0.9957662915865766,adaptive,60,10.0,3
0.00216227999374541,4.2987692000628455,0.0028870007968705533,0.0030031887426597106,1.0028687757776895,adaptive,60,10.0,4
0.0021562039323084433,4.643822745240575,0.002869455773638149,0.0030070470478186836,0.9994564882563167,adaptive,60,10.0,5
0.00218944892791387,4.406432462164126,0.0028780374937465293,0.0029875245023339003,1.0011370395335017,adaptive,60,10.0,6
0.002167620206273496,3.1705307824339117,0.002889488568221879,0.0030169020098026332,1.0033287823257975,adaptive,60,10.0,7
0.0021624177353399545,3.826123120828994,0.002879581211751795,0.0030074401272243948,1.00142539688118,adaptive,60,10.0,8
0.0021761806092869215,4.308471764917653,0.002858137742831156,0.0029819385494241693,0.9972767104682607,adaptive,60,10.0,9
0.0021656082560254997,3.3840288812534602,0.0028744705894383983,0.0029997343367295544,1.0004415090556722,adaptive,60,10.0,10
0.002163720768765283,5.055869545405887,0.002872436010861986,0.0029805538898603585,1.000057943336698,adaptive,60,10.0,11
0.0021851380924175615,4.048067007282351,0.0028729325440644744,0.002987122804579496,1.000153873612106,adaptive,60,10.0,12
0.0021777380011203345,3.9883039372655773,0.0028722942336258284,0.0029975061790922753,1.000021060911679,adaptive,60,10.0,13
0.0021961256770088046,4.302402685371703,0.002878700852448645,0.0030049796517172263,1.0012441912076728,adaptive,60,10.0,14
0.002177348746423253,3.1862955915104827,0.002849886972908691,0.0029631424690601746,0.9956805912753108,adaptive,60,10.0,15
0.0021599342371942947,3.2147134279070855,0.0028784354510209224,0.0030156088337562428,1.001189370436679,adaptive,60,10.0,16
0.002254937628351056,4.089386942834662,0.002867044855884056,0.0029881923380747906,0.9989998748998257,adaptive,60,10.0,17
0.002181152430687308,2.9698770987209437,0.002881943181456535,0.003015874435656803,1.0018818030689487,adaptive,60,10.0,18
0.002184936336437513,3.5253898151620673,0.002873317169913809,0.0030028939595455424,1.0002019173769365,adaptive,60,10.0,19
0.0021685384617611985,4.533180517819089,0.00290351790853315,0.0030199256888699443,1.006047503826323,adaptive,60,10.0,20
0.002205861634630787,3.661706119147646,0.0028811565244517756,0.0029886435703885494,1.0017346436929464,adaptive,60,10.0,21
0.002178392924019305,4.207897326444992,0.0028660533278562416,0.0029979341414751964,0.9987998322068207,adaptive,60,10.0,22
0.002135806865239299,3.616298201313805,0.0028926164488852412,0.0030186739557478,1.0039505998247618,adaptive,60,10.0,23
0.002168224405155381,3.3422632660727816,0.002886479368102706,0.0030209039868338045,1.002733364579598,adaptive,60,10.0,24
0.0021738382991556217,3.707687570502644,0.0028647002145566623,0.003012776454773251,0.998539138942946,adaptive,60,10.0,25
0.002154509060688056,4.197320902031778,0.0028715623063211874,0.0029948014502787605,0.9998784755750645,adaptive,60,10.0,26
0.0021735031572764703,6.80085249734498,0.002846716809559479,0.0029763022334481698,0.9950558891315121,adaptive,60,10.0,27
0.0021893737193604255,3.3743356276868965,0.002868697680122988,0.0029936901978152857,0.9993196388681747,adaptive,60,10.0,28
0.0021946569878558103,3.3086300603182845,0.002859185023265135,0.0029923171586647575,0.9974744770137797,adaptive,60,10.0,29
0.0021702428178140393,4.269416318027251,0.0028717928328398394,0.002992146530151288,0.9999251488613327,adaptive,60,10.0,30
